Kommun,Andel män,Andel sysselsatta,andeltätort,Medelinkomst,Andel utländsktfödda,Medelålder,Mestrostadeparti
Ale,0.50923010434031,0.854414214325375,0.83,334.4,0.182842501697845,39.5,Arbetarepartiet-Socialdemokraterna
Alingsås,0.496243986824332,0.84682328538576,0.83,328.1,0.12223038460627,39.8,Arbetarepartiet-Socialdemokraterna
Älmhult,0.509506964404157,0.813585448566437,0.73,334.4,0.275204510280787,40.8,Arbetarepartiet-Socialdemokraterna
Älvdalen,0.513251638643488,0.837943559653534,0.68,282.6,0.096181248218866,41.0,Sverigedemokraterna
Alvesta,0.514439453028583,0.810888526789993,0.7,288.1,0.203633311941551,39.1,Arbetarepartiet-Socialdemokraterna
Älvkarleby,0.509506493506493,0.806766169154229,0.9,296.8,0.14774025974026,40.5,Arbetarepartiet-Socialdemokraterna
Älvsbyn,0.514094299077234,0.809387657850846,0.75,290.0,0.10327392238655,38.3,Arbetarepartiet-Socialdemokraterna
Åmål,0.505157170923379,0.779948750800769,0.8,278.7,0.156270464963982,38.5,Arbetarepartiet-Socialdemokraterna
Aneby,0.51084407971864,0.835965641451926,0.62,300.4,0.132033997655334,39.5,Arbetarepartiet-Socialdemokraterna
Ånge,0.520288745488352,0.795135248479765,0.6,286.9,0.082029968281746,38.4,Arbetarepartiet-Socialdemokraterna
Ängelholm,0.493855606758833,0.839861158724717,0.86,332.0,0.131652661064426,40.5,Arbetarepartiet-Socialdemokraterna
Arboga,0.506994248384577,0.802554694931377,0.82,292.7,0.150749130156927,38.0,Arbetarepartiet-Socialdemokraterna
Åre,0.519789132197891,0.852635948526359,0.63,304.7,0.118167072181671,39.7,Arbetarepartiet-Socialdemokraterna
Årjäng,0.514625781722816,0.810100245886136,0.47,301.8,0.21989106314303,41.2,Sverigedemokraterna
Arjeplog,0.523434570678665,0.851691864650828,0.63,298.1,0.109861267341582,41.8,Arbetarepartiet-Socialdemokraterna
Arvidsjaur,0.52070037637048,0.829580988117574,0.76,299.2,0.096710849288169,39.6,Sverigedemokraterna
Arvika,0.502400123877361,0.816706372840977,0.65,295.8,0.125967791886033,39.9,Arbetarepartiet-Socialdemokraterna
Åsele,0.524083393242272,0.795754026354319,0.6,268.5,0.124730409777139,39.7,Arbetarepartiet-Socialdemokraterna
Askersund,0.512742454553362,0.838326446280992,0.63,310.3,0.09219796468644,39.8,Arbetarepartiet-Socialdemokraterna
Åstorp,0.514595190012851,0.776414147048979,0.93,285.1,0.279970626032678,38.1,Arbetarepartiet-Socialdemokraterna
Åtvidaberg,0.507995828263515,0.844508086253369,0.78,296.4,0.080305927342256,39.4,Arbetarepartiet-Socialdemokraterna
Avesta,0.506628292342578,0.789535567313345,0.82,295.6,0.172335600907029,42.2,Arbetarepartiet-Socialdemokraterna
Båstad,0.495702730030334,0.805451005840363,0.77,341.9,0.138713346814965,43.9,Sverigedemokraterna
Bengtsfors,0.514208535926526,0.763365282215122,0.7,275.0,0.189951377633712,46.0,Arbetarepartiet-Socialdemokraterna
Berg,0.518255295429208,0.833859397417504,0.37,276.0,0.090579710144928,38.3,Arbetarepartiet-Socialdemokraterna
Bjurholm,0.522344013490725,0.837446808510638,0.42,274.1,0.112141652613828,42.9,Moderaterna
Bjuv,0.514879840617607,0.772223478850939,0.93,282.2,0.264475158759806,40.5,Sverigedemokraterna
Boden,0.511337706788363,0.830224741316813,0.84,310.4,0.103572447233314,44.2,Moderaterna
Bollebygd,0.507678037720293,0.86943793911007,0.66,340.7,0.107801710811089,37.2,Arbetarepartiet-Socialdemokraterna
Bollnäs,0.499436598557692,0.791681867931412,0.7,285.1,0.115797776442308,44.1,Arbetarepartiet-Socialdemokraterna
Borås,0.502180086504434,0.810532473330152,0.91,311.0,0.245681331644021,43.8,Arbetarepartiet-Socialdemokraterna
Borgholm,0.500875011513309,0.808587479935794,0.52,285.0,0.102882932670167,39.1,Moderaterna
Borlänge,0.506784468549964,0.783930623759273,0.91,295.0,0.182663191383342,41.6,Arbetarepartiet-Socialdemokraterna
Botkyrka,0.513215143159683,0.751721337523393,0.98,289.4,0.436587232525712,45.9,Arbetarepartiet-Socialdemokraterna
Boxholm,0.515823935976719,0.83588850174216,0.69,298.3,0.097489996362314,45.1,Arbetarepartiet-Socialdemokraterna
Bräcke,0.523855890944499,0.797059763502717,0.47,271.8,0.119279454722493,43.5,Arbetarepartiet-Socialdemokraterna
Bromölla,0.509380194728093,0.800394058805699,0.88,291.6,0.171139080186812,43.3,Sverigedemokraterna
Burlöv,0.508047480132783,0.761155555555556,0.99,296.3,0.344080072427321,45.4,Sverigedemokraterna
Dals-Ed,0.521290322580645,0.814040952778939,0.63,286.4,0.144516129032258,46.2,Arbetarepartiet-Socialdemokraterna
Danderyd,0.490089318487703,0.788134105669651,1,598.3,0.175731065704148,43.0,Arbetarepartiet-Socialdemokraterna
Degerfors,0.507450157397691,0.760976610586787,0.8,282.1,0.157502623294858,41.3,Arbetarepartiet-Socialdemokraterna
Dorotea,0.535433070866142,0.824185248713551,0.53,287.7,0.07832573559884,42.9,Arbetarepartiet-Socialdemokraterna
Eda,0.514586994727592,0.773382867132867,0.56,303.7,0.280374926772115,43.9,Arbetarepartiet-Socialdemokraterna
Ekerö,0.507914706589294,0.829755878772346,0.83,433.3,0.142155684510524,46.1,Arbetarepartiet-Socialdemokraterna
Eksjö,0.503751819912644,0.81067330591037,0.79,303.5,0.15908836375854,48.0,Arbetarepartiet-Socialdemokraterna
Emmaboda,0.518990050283513,0.776247130035483,0.69,283.5,0.211939659783888,45.3,Arbetarepartiet-Socialdemokraterna
Enköping,0.508798695870256,0.826639124780047,0.71,321.3,0.171271526500585,45.6,Sverigedemokraterna
Eskilstuna,0.502047851146241,0.766791013566637,0.9,289.9,0.266961952593636,45.3,Sverigedemokraterna
Eslöv,0.507766346791159,0.802290194460205,0.83,309.2,0.209734589781274,44.4,Arbetarepartiet-Socialdemokraterna
Essunga,0.50620955046353,0.825996533795494,0.46,289.6,0.09725380444289,48.7,Arbetarepartiet-Socialdemokraterna
Fagersta,0.507533168428154,0.760346070656092,0.89,293.7,0.27411738250506,39.8,Sverigedemokraterna
Falkenberg,0.502180062530574,0.829208726799088,0.81,301.8,0.152498032626497,41.0,Arbetarepartiet-Socialdemokraterna
Falköping,0.503699025622519,0.812372881355932,0.75,290.2,0.152592325273668,44.4,Arbetarepartiet-Socialdemokraterna
Falun,0.495787221237755,0.844388793238378,0.87,324.8,0.107325554181016,43.9,Sverigedemokraterna
Färgelanda,0.52027027027027,0.793660111535075,0.56,278.8,0.115479115479115,49.2,Arbetarepartiet-Socialdemokraterna
Filipstad,0.507901114881241,0.735136171845033,0.75,262.8,0.180029083858459,42.1,Arbetarepartiet-Socialdemokraterna
Finspång,0.515089257179382,0.811271975180972,0.8,304.1,0.165822033511391,43.2,Arbetarepartiet-Socialdemokraterna
Flen,0.512330302652883,0.731123156435144,0.76,271.6,0.225183709054677,42.7,Arbetarepartiet-Socialdemokraterna
Forshaga,0.507341509759889,0.821280820784379,0.82,296.1,0.089825531179824,43.1,Arbetarepartiet-Socialdemokraterna
Gagnef,0.508143632726926,0.856056284464727,0.76,304.7,0.072387846461568,38.9,Arbetarepartiet-Socialdemokraterna
Gällivare,0.52089552238806,0.872237423700274,0.82,362.3,0.105683122847302,42.5,Arbetarepartiet-Socialdemokraterna
Gävle,0.499589344206855,0.79765909246928,0.94,316.2,0.164001430048409,41.0,Arbetarepartiet-Socialdemokraterna
Gislaved,0.51531494861097,0.839155613674575,0.82,304.8,0.252094569383671,40.5,Arbetarepartiet-Socialdemokraterna
Gnesta,0.50439200826731,0.814513450680837,0.68,315.2,0.135204960385808,41.8,Arbetarepartiet-Socialdemokraterna
Gnosjö,0.520555202373384,0.857281553398058,0.75,310.5,0.260860351769443,42.8,Arbetarepartiet-Socialdemokraterna
Göteborg,0.503561249981151,0.778007362930911,0.99,336.2,0.291429375662865,42.6,Arbetarepartiet-Socialdemokraterna
Götene,0.511487758945386,0.848993288590604,0.64,305.0,0.11789077212806,43.6,Arbetarepartiet-Socialdemokraterna
Gotland,0.497899400062119,0.814517130089374,0.64,290.1,0.08611642391251,44.0,Sverigedemokraterna
Grästorp,0.504959263195183,0.844919786096257,0.54,303.4,0.076160113354587,43.8,Arbetarepartiet-Socialdemokraterna
Grums,0.507742998352554,0.784301346801347,0.72,293.9,0.119165293794618,43.9,Arbetarepartiet-Socialdemokraterna
Gullspång,0.509626492106276,0.760079840319361,0.67,271.6,0.171351559491721,43.3,Sverigedemokraterna
Habo,0.504265691651432,0.888185654008439,0.78,333.6,0.084247410115783,46.4,Arbetarepartiet-Socialdemokraterna
Håbo,0.507269931913024,0.844624681933842,0.91,352.0,0.164419064353174,42.2,Arbetarepartiet-Socialdemokraterna
Hagfors,0.518336353438606,0.776490344248531,0.64,277.1,0.164725170420226,41.1,Arbetarepartiet-Socialdemokraterna
Hällefors,0.518930288461538,0.735259433962264,0.76,264.9,0.198768028846154,44.3,Arbetarepartiet-Socialdemokraterna
Hallsberg,0.516329036218539,0.815953757225434,0.79,293.7,0.167403314917127,40.0,Arbetarepartiet-Socialdemokraterna
Hallstahammar,0.503740051463108,0.812365286443562,0.88,295.8,0.197175513135061,44.2,Sverigedemokraterna
Halmstad,0.501645299958154,0.805437018650436,0.93,310.4,0.202077072317115,46.1,Sverigedemokraterna
Hammarö,0.499167657550535,0.874712907671107,0.95,362.8,0.075089179548157,47.0,Arbetarepartiet-Socialdemokraterna
Haninge,0.510139942466959,0.805054718726546,0.96,324.8,0.2937870458524,45.5,Arbetarepartiet-Socialdemokraterna
Haparanda,0.51948608137045,0.762208534975803,0.8,279.0,0.406852248394004,45.6,Arbetarepartiet-Socialdemokraterna
Härjedalen,0.524987727049583,0.834494445490491,0.66,290.1,0.112027491408935,45.4,Arbetarepartiet-Socialdemokraterna
Härnösand,0.499939708187628,0.788807671146742,0.79,291.3,0.14912174926645,46.3,Sverigedemokraterna
Härryda,0.50520597555455,0.862751400495913,0.91,388.6,0.131255973039586,41.2,Moderaterna
Hässleholm,0.504439649410911,0.785876186428673,0.81,289.3,0.17336592258779,44.4,Arbetarepartiet-Socialdemokraterna
Heby,0.511198945981555,0.801184210526316,0.62,286.1,0.132861798765689,44.2,Sverigedemokraterna
Hedemora,0.507479116751926,0.788621934520105,0.71,288.7,0.144984782749466,47.0,Sverigedemokraterna
Helsingborg,0.498155323729094,0.764799741004532,0.97,322.4,0.280649114091737,44.7,Arbetarepartiet-Socialdemokraterna
Herrljunga,0.512661553010402,0.825664418881396,0.56,297.3,0.123883576757382,51.8,Arbetarepartiet-Socialdemokraterna
Hjo,0.502001514659743,0.833545918367347,0.71,300.7,0.087850265065455,45.4,Arbetarepartiet-Socialdemokraterna
Hofors,0.511507601351351,0.800997008973081,0.78,297.5,0.145375844594595,45.9,Arbetarepartiet-Socialdemokraterna
Höganäs,0.496850870013877,0.821405405405405,0.92,347.2,0.141693057680675,42.7,Arbetarepartiet-Socialdemokraterna
Högsby,0.512714899713467,0.738478027867095,0.65,261.7,0.245522922636103,44.1,Arbetarepartiet-Socialdemokraterna
Höör,0.503035208417645,0.829801179812104,0.79,318.7,0.121639590680465,44.7,Arbetarepartiet-Socialdemokraterna
Hörby,0.507889044407685,0.812902470436717,0.61,300.0,0.124125206769309,45.8,Arbetarepartiet-Socialdemokraterna
Huddinge,0.507196255152658,0.790839177323354,0.99,348.2,0.312888632711521,40.5,Arbetarepartiet-Socialdemokraterna
Hudiksvall,0.5018573551263,0.825062733650842,0.72,304.8,0.100695181490129,39.8,Arbetarepartiet-Socialdemokraterna
Hultsfred,0.515358361774744,0.759207197076188,0.82,271.4,0.214732650739477,39.5,Arbetarepartiet-Socialdemokraterna
Hylte,0.512423547400612,0.792631770928324,0.68,277.9,0.243119266055046,43.4,Arbetarepartiet-Socialdemokraterna
Järfälla,0.509279194945004,0.796079543153376,1,341.8,0.347226772759186,42.8,Arbetarepartiet-Socialdemokraterna
Jokkmokk,0.517436974789916,0.829668132746901,0.75,300.7,0.13046218487395,43.8,Arbetarepartiet-Socialdemokraterna
Jönköping,0.503734994556004,0.823280843686796,0.91,320.7,0.197437876428188,40.5,Sverigedemokraterna
Kalix,0.512620001271537,0.821127110228401,0.78,301.4,0.116027719499015,40.7,Arbetarepartiet-Socialdemokraterna
Kalmar,0.49845871865367,0.81788306847165,0.89,313.5,0.155711072231942,42.3,Arbetarepartiet-Socialdemokraterna
Karlsborg,0.512399036417741,0.811186825667235,0.77,305.8,0.092248830947995,39.3,Sverigedemokraterna
Karlshamn,0.503693816737025,0.802280035077463,0.85,302.3,0.147566426620313,41.9,Arbetarepartiet-Socialdemokraterna
Karlskoga,0.502113745954158,0.80856050326878,0.92,306.7,0.166193275645683,44.0,Arbetarepartiet-Socialdemokraterna
Karlskrona,0.514186737050478,0.806974835886214,0.84,313.5,0.136258660508083,43.6,Arbetarepartiet-Socialdemokraterna
Karlstad,0.497398046980283,0.806747196169148,0.9,314.6,0.146030725851595,42.5,Moderaterna
Katrineholm,0.501242630909721,0.783248536572023,0.84,289.6,0.192867876546064,44.7,Arbetarepartiet-Socialdemokraterna
Kävlinge,0.501447489990761,0.862737182075091,0.93,368.9,0.113366184170003,44.2,Arbetarepartiet-Socialdemokraterna
Kil,0.506397028477095,0.831643328504748,0.75,305.4,0.080478745356996,44.5,Sverigedemokraterna
Kinda,0.510131108462455,0.839833696297763,0.66,300.0,0.093663090981327,41.9,Arbetarepartiet-Socialdemokraterna
Kiruna,0.525843999464835,0.855686152409123,0.89,360.0,0.135396690897739,43.0,Sverigedemokraterna
Klippan,0.516764623565631,0.776949775418538,0.75,282.4,0.194458438287154,39.6,Arbetarepartiet-Socialdemokraterna
Knivsta,0.50886604082849,0.863742166517458,0.73,380.7,0.158396662196394,48.0,Arbetarepartiet-Socialdemokraterna
Köping,0.508346094946401,0.796227783822996,0.83,295.6,0.216807044410413,38.7,Sverigedemokraterna
Kramfors,0.515638963360143,0.770184291355858,0.69,279.0,0.131032171581769,39.2,Arbetarepartiet-Socialdemokraterna
Kristianstad,0.499135327076944,0.782985669464937,0.86,300.0,0.198575019022804,41.7,Arbetarepartiet-Socialdemokraterna
Kristinehamn,0.505841267201596,0.777317946677278,0.84,284.9,0.138860017461439,41.0,Arbetarepartiet-Socialdemokraterna
Krokom,0.515001287664177,0.872093023255814,0.58,312.9,0.073911923770281,45.4,Moderaterna
Kumla,0.499399439476845,0.83473133460676,0.88,306.9,0.139196583477913,40.8,Arbetarepartiet-Socialdemokraterna
Kungälv,0.500978234287112,0.861307092461938,0.79,359.1,0.113108339447298,46.1,Sverigedemokraterna
Kungsbacka,0.497744781529353,0.872122874382885,0.87,394.5,0.095395158564586,42.7,Arbetarepartiet-Socialdemokraterna
Kungsör,0.509472723122575,0.790794066317627,0.79,294.7,0.186943620178042,42.5,Arbetarepartiet-Socialdemokraterna
Laholm,0.509877704609596,0.822740268308775,0.74,300.1,0.153226716839135,50.3,Arbetarepartiet-Socialdemokraterna
Landskrona,0.50355288911582,0.764105549088087,0.94,296.3,0.274487277678495,43.9,Arbetarepartiet-Socialdemokraterna
Laxå,0.514885222381636,0.774593064401982,0.73,282.4,0.183285509325681,43.6,Sverigedemokraterna
Lekeberg,0.519301050708086,0.861386138613861,0.56,318.4,0.073321151210598,43.1,Moderaterna
Leksand,0.506671631601812,0.841445057701957,0.81,305.2,0.093216657357413,41.6,Arbetarepartiet-Socialdemokraterna
Lerum,0.501309261300992,0.869458446426263,0.93,373.7,0.112228959941198,44.6,Arbetarepartiet-Socialdemokraterna
Lessebo,0.51184443134944,0.773823460547881,0.89,270.1,0.251620506776665,43.8,Arbetarepartiet-Socialdemokraterna
Lidingö,0.488994879418566,0.812271844660194,0.99,515.7,0.182998843739676,43.7,Arbetarepartiet-Socialdemokraterna
Lidköping,0.502953753367773,0.84618558591601,0.78,318.4,0.112094322366958,42.0,Arbetarepartiet-Socialdemokraterna
Lilla Edet,0.521624618796784,0.814690945125728,0.69,309.7,0.180205156639867,39.8,Arbetarepartiet-Socialdemokraterna
Lindesberg,0.509409003627054,0.798111364376425,0.73,294.4,0.151610838489439,39.8,Sverigedemokraterna
Linköping,0.50994462210436,0.780420034276095,0.9,320.1,0.18695289578996,46.1,Arbetarepartiet-Socialdemokraterna
Ljungby,0.511462977916652,0.829587892288541,0.71,298.5,0.200751325351964,41.7,Arbetarepartiet-Socialdemokraterna
Ljusdal,0.506366203185765,0.809433764050846,0.61,281.5,0.099568483298705,46.5,Arbetarepartiet-Socialdemokraterna
Ljusnarsberg,0.508966127961036,0.722707423580786,0.72,263.1,0.176887314589329,48.2,Sverigedemokraterna
Lomma,0.498280813882934,0.858245956270828,0.96,454.3,0.103879292908863,50.6,Sverigedemokraterna
Ludvika,0.50901225666907,0.777407916636515,0.87,296.6,0.18331878723485,44.4,Arbetarepartiet-Socialdemokraterna
Luleå,0.511874716066832,0.811514316337468,0.9,327.2,0.123441522386553,46.9,Arbetarepartiet-Socialdemokraterna
Lund,0.493293556829511,0.711899469335835,0.95,325.4,0.235114967597208,46.5,Arbetarepartiet-Socialdemokraterna
Lycksele,0.511067548803398,0.83606046439146,0.74,298.5,0.112390753900188,45.4,Sverigedemokraterna
Lysekil,0.5030345800988,0.804384965831435,0.75,315.2,0.140931545518701,39.6,Sverigedemokraterna
Malå,0.513023409165842,0.840743198407432,0.66,295.6,0.1279261457303,40.1,Arbetarepartiet-Socialdemokraterna
Malmö,0.49636098573775,0.732846447949816,1,308.8,0.35570839757455,41.5,Arbetarepartiet-Socialdemokraterna
Malung-Sälen,0.52300643400273,0.846210313819049,0.72,300.2,0.124195749658803,42.2,Arbetarepartiet-Socialdemokraterna
Mariestad,0.504481589147287,0.829273950359545,0.78,303.7,0.124555878552972,45.8,Arbetarepartiet-Socialdemokraterna
Mark,0.505646918961759,0.83423970995948,0.69,304.5,0.136969628350647,44.9,Moderaterna
Markaryd,0.517706079087153,0.790502793296089,0.79,279.5,0.24621286641747,47.0,Arbetarepartiet-Socialdemokraterna
Mellerud,0.519702040375688,0.769099445155783,0.59,274.3,0.186116808809241,48.8,Arbetarepartiet-Socialdemokraterna
Mjölby,0.507850093077166,0.841938815025171,0.81,310.7,0.124618032383829,44.4,Arbetarepartiet-Socialdemokraterna
Mölndal,0.503458899713304,0.84674503794862,0.97,372.4,0.192343351067623,47.8,Arbetarepartiet-Socialdemokraterna
Mönsterås,0.506477854775535,0.81205985915493,0.76,296.6,0.139198553781259,45.8,Arbetarepartiet-Socialdemokraterna
Mora,0.506697615938875,0.840117379780386,0.87,300.3,0.091106920063833,41.7,Arbetarepartiet-Socialdemokraterna
Mörbylånga,0.494088207694714,0.85554834523037,0.78,317.3,0.085079762277135,43.3,Arbetarepartiet-Socialdemokraterna
Motala,0.507935418953531,0.803506962351728,0.84,294.9,0.152808269301134,44.5,Arbetarepartiet-Socialdemokraterna
Mullsjö,0.50185873605948,0.847276518113109,0.87,301.7,0.1188263409453,44.3,Sverigedemokraterna
Munkedal,0.517678200037814,0.819710669077758,0.62,292.0,0.12138400453772,44.1,Arbetarepartiet-Socialdemokraterna
Munkfors,0.507160226965685,0.768862911795962,0.78,270.0,0.156444204269116,45.3,Arbetarepartiet-Socialdemokraterna
Nacka,0.497871874029556,0.831915589726812,0.99,450.5,0.199020879381839,43.9,Arbetarepartiet-Socialdemokraterna
Nässjö,0.51324192336589,0.808503141699454,0.84,292.4,0.201195842724768,45.5,Arbetarepartiet-Socialdemokraterna
Nora,0.493692178301093,0.813940520446097,0.76,305.9,0.136062050275675,39.3,Sverigedemokraterna
Norberg,0.511462591078728,0.780539026951348,0.79,287.9,0.143593389017238,39.7,Sverigedemokraterna
Nordanstig,0.514598924844524,0.793780004174494,0.52,277.3,0.091599030251924,41.7,Arbetarepartiet-Socialdemokraterna
Nordmaling,0.515284460798188,0.826455624646693,0.57,288.0,0.09623549391452,48.2,Sverigedemokraterna
Norrköping,0.500627067254686,0.793596382466633,0.91,306.0,0.209729878721058,42.3,Arbetarepartiet-Socialdemokraterna
Norrtälje,0.505283059142818,0.809230227232693,0.66,313.3,0.13688688307134,43.3,Arbetarepartiet-Socialdemokraterna
Norsjö,0.518621738028883,0.835553278688525,0.6,287.8,0.103116290853813,43.1,Arbetarepartiet-Socialdemokraterna
Nybro,0.508052997094026,0.794490927893203,0.79,277.4,0.19026744816037,40.9,Arbetarepartiet-Socialdemokraterna
Nyköping,0.49654435463022,0.805316730902263,0.84,315.0,0.164836869409352,42.6,Arbetarepartiet-Socialdemokraterna
Nykvarn,0.509859396433471,0.873944322802628,0.82,380.8,0.140603566529492,41.0,Sverigedemokraterna
Nynäshamn,0.509203475019139,0.806431852986217,0.82,319.6,0.206803581533136,43.7,Arbetarepartiet-Socialdemokraterna
Ockelbo,0.507816526370039,0.79008152173913,0.59,284.0,0.129359216629445,46.1,Arbetarepartiet-Socialdemokraterna
Öckerö,0.49890625,0.856203151292642,0.97,357.2,0.0690625,45.2,Arbetarepartiet-Socialdemokraterna
Ödeshög,0.513635508745533,0.831261770244821,0.57,286.3,0.114162121497085,43.8,Sverigedemokraterna
Olofström,0.513564860551714,0.772318240251393,0.82,289.6,0.243179572915875,43.3,Sverigedemokraterna
Örebro,0.495947664450167,0.797668700882469,0.9,308.0,0.195467457942388,40.9,Arbetarepartiet-Socialdemokraterna
Örkelljunga,0.516690578670493,0.796309439318666,0.74,284.5,0.189574366331899,45.3,Arbetarepartiet-Socialdemokraterna
Örnsköldsvik,0.507154813974837,0.827741646880699,0.76,312.8,0.095055528556258,44.2,Arbetarepartiet-Socialdemokraterna
Orsa,0.509085664839919,0.816979051819184,0.88,277.4,0.121863282376695,42.5,Arbetarepartiet-Socialdemokraterna
Orust,0.50820629257217,0.828444211629125,0.46,319.2,0.092377554330198,43.8,Sverigedemokraterna
Osby,0.506269829279347,0.801795173631548,0.78,292.7,0.178123583622904,45.0,Sverigedemokraterna
Oskarshamn,0.508953677667604,0.832670712143405,0.85,314.7,0.153507473730946,47.6,Arbetarepartiet-Socialdemokraterna
Österåker,0.507041393626114,0.840100864018986,0.93,385.6,0.178863608612479,48.0,Arbetarepartiet-Socialdemokraterna
Östersund,0.495781438328646,0.836293954737461,0.89,309.1,0.105247705287882,41.0,Arbetarepartiet-Socialdemokraterna
Östhammar,0.513157894736842,0.848313614691859,0.68,315.4,0.100608664518439,46.9,Sverigedemokraterna
Östra Göinge,0.515126569252933,0.766523828074276,0.79,272.0,0.186252315291212,43.2,Arbetarepartiet-Socialdemokraterna
Ovanåker,0.514885561865428,0.822316865417376,0.66,279.1,0.088797108931337,45.5,Arbetarepartiet-Socialdemokraterna
Överkalix,0.52879746835443,0.810444874274661,0.54,281.0,0.132911392405063,45.0,Arbetarepartiet-Socialdemokraterna
Övertorneå,0.520271910657927,0.789968652037618,0.58,278.9,0.252974022821073,45.5,Arbetarepartiet-Socialdemokraterna
Oxelösund,0.508687737878537,0.798249958725442,0.97,299.3,0.21876551381764,41.7,Arbetarepartiet-Socialdemokraterna
Pajala,0.536630970593235,0.818620178041543,0.51,290.2,0.141764405915349,46.0,Arbetarepartiet-Socialdemokraterna
Partille,0.507251831777577,0.833887491013659,0.99,370.7,0.208672086720867,46.1,Arbetarepartiet-Socialdemokraterna
Perstorp,0.514915345337275,0.721323900960081,0.81,266.2,0.262563826928245,48.5,Moderaterna
Piteå,0.50375336386384,0.840830751778001,0.83,321.3,0.071313913412964,45.4,Arbetarepartiet-Socialdemokraterna
Ragunda,0.509856977193661,0.815437523882308,0.46,277.0,0.119056822574411,46.4,Arbetarepartiet-Socialdemokraterna
Rättvik,0.506040389469888,0.828066914498141,0.8,287.5,0.077623512441399,40.9,Arbetarepartiet-Socialdemokraterna
Robertsfors,0.515017014351235,0.842815249266862,0.46,292.6,0.098683237165261,47.2,Arbetarepartiet-Socialdemokraterna
Ronneby,0.510233467036923,0.773316408337787,0.81,287.1,0.173129006822311,42.6,Arbetarepartiet-Socialdemokraterna
Säffle,0.507282508857105,0.763241863433312,0.65,277.8,0.142435375934917,46.7,Arbetarepartiet-Socialdemokraterna
Sala,0.505809146686393,0.812141372141372,0.7,292.2,0.145424481093077,46.6,Arbetarepartiet-Socialdemokraterna
Salem,0.498732134624251,0.842082708377973,0.99,358.3,0.228446288612264,49.4,Arbetarepartiet-Socialdemokraterna
Sandviken,0.507238221903934,0.776883651865689,0.86,302.5,0.183155148600951,40.1,Arbetarepartiet-Socialdemokraterna
Säter,0.514861148079141,0.848253085346776,0.66,308.8,0.08384349214799,41.0,Arbetarepartiet-Socialdemokraterna
Sävsjö,0.514739614306346,0.812614717170032,0.75,282.1,0.201936963724407,46.9,Arbetarepartiet-Socialdemokraterna
Sigtuna,0.510910633048038,0.775237777406975,0.89,317.5,0.374913254684247,44.4,Sverigedemokraterna
Simrishamn,0.49449512425291,0.782143251296766,0.74,297.9,0.12928593897452,45.6,Sverigedemokraterna
Sjöbo,0.511075868419706,0.822656396768739,0.67,302.6,0.113367780222029,44.6,Sverigedemokraterna
Skara,0.502319381498267,0.811239475230076,0.76,299.8,0.167955211943482,47.4,Sverigedemokraterna
Skellefteå,0.51303728394398,0.843038292529818,0.82,316.1,0.107241740813419,44.1,Arbetarepartiet-Socialdemokraterna
Skinnskatteberg,0.510222626079055,0.770300583221175,0.58,281.5,0.17741935483871,43.6,Sverigedemokraterna
Skövde,0.506795677218384,0.823323597419983,0.87,323.4,0.165306371056158,43.1,Arbetarepartiet-Socialdemokraterna
Skurup,0.502301117685733,0.822105378464235,0.77,315.1,0.140995756380372,46.0,Sverigedemokraterna
Smedjebacken,0.509705182201062,0.818115545835611,0.69,303.0,0.103094671305622,41.1,Arbetarepartiet-Socialdemokraterna
Söderhamn,0.505661572571067,0.773614242400684,0.77,287.0,0.131562277298282,44.2,Sverigedemokraterna
Söderköping,0.505258190643117,0.84357841167805,0.65,322.4,0.073142780099771,43.3,Arbetarepartiet-Socialdemokraterna
Södertälje,0.51397106203503,0.75786693082384,0.92,290.4,0.433317712299611,43.8,Arbetarepartiet-Socialdemokraterna
Sollefteå,0.506830235174372,0.799143468950749,0.65,280.6,0.120640702844592,45.2,Arbetarepartiet-Socialdemokraterna
Sollentuna,0.504466335244042,0.808313025886248,1,421.6,0.285412594934218,45.8,Arbetarepartiet-Socialdemokraterna
Solna,0.501989467524868,0.797828141438277,1,401.3,0.337144528964307,46.3,Arbetarepartiet-Socialdemokraterna
Sölvesborg,0.506451981272125,0.819503199913223,0.83,303.7,0.121788283658787,44.0,Sverigedemokraterna
Sorsele,0.529146141215107,0.826860841423948,0.46,278.1,0.12807881773399,46.8,Arbetarepartiet-Socialdemokraterna
Sotenäs,0.511353711790393,0.832258064516129,0.82,331.9,0.106331877729258,49.0,Sverigedemokraterna
Staffanstorp,0.496564343864366,0.858522041598637,0.91,368.5,0.154529837926656,46.6,Arbetarepartiet-Socialdemokraterna
Stenungsund,0.504305705059204,0.86126328295162,0.82,361.0,0.117617509867241,46.9,Sverigedemokraterna
Stockholm,0.49584766864213,0.794217590619546,1,405.7,0.262077201476926,46.9,Arbetarepartiet-Socialdemokraterna
Storfors,0.529623905203503,0.790224032586558,0.58,288.4,0.145801133436373,45.9,Arbetarepartiet-Socialdemokraterna
Storuman,0.518879415347138,0.830769230769231,0.57,284.9,0.095006090133983,42.7,Sverigedemokraterna
Strängnäs,0.502907127654052,0.819575646668975,0.8,338.6,0.16586201526242,41.4,Arbetarepartiet-Socialdemokraterna
Strömstad,0.508728367193378,0.80540465245856,0.67,326.0,0.278103837471783,45.0,Arbetarepartiet-Socialdemokraterna
Strömsund,0.518820742300605,0.811828903362084,0.59,273.4,0.120294814424849,45.3,Arbetarepartiet-Socialdemokraterna
Sundbyberg,0.502996116145737,0.813781417678622,1,379.9,0.329036434251896,44.7,Moderaterna
Sundsvall,0.502370145228007,0.824060726602558,0.88,325.8,0.11810468896247,44.0,Arbetarepartiet-Socialdemokraterna
Sunne,0.505142346102251,0.819177312929945,0.49,296.8,0.105008197943062,47.4,Arbetarepartiet-Socialdemokraterna
Surahammar,0.517791288747134,0.815834767641996,0.89,297.5,0.193262234625735,45.6,Arbetarepartiet-Socialdemokraterna
Svalöv,0.520254389603208,0.809494375077265,0.71,300.5,0.182566016867137,45.8,Arbetarepartiet-Socialdemokraterna
Svedala,0.499484713156991,0.868795752554099,0.87,350.7,0.123411198900721,45.4,Arbetarepartiet-Socialdemokraterna
Svenljunga,0.516272189349112,0.81141130465695,0.63,289.9,0.157359467455621,46.1,Arbetarepartiet-Socialdemokraterna
Täby,0.498516044026245,0.836217854698348,1,470.0,0.19584226146905,42.1,Arbetarepartiet-Socialdemokraterna
Tanum,0.513255974794436,0.82409972299169,0.46,308.1,0.123722431414739,44.0,Sverigedemokraterna
Tibro,0.507588384946048,0.80349932705249,0.84,284.4,0.16185630318449,46.1,Arbetarepartiet-Socialdemokraterna
Tidaholm,0.506893060207181,0.830478700043917,0.71,291.3,0.112002492405951,45.0,Arbetarepartiet-Socialdemokraterna
Tierp,0.508175277959451,0.799382716049383,0.67,284.9,0.132532934691208,45.1,Arbetarepartiet-Socialdemokraterna
Timrå,0.506590064210882,0.821849782743638,0.84,304.8,0.102906387293004,46.9,Moderaterna
Tingsryd,0.513458567130194,0.78976,0.63,279.3,0.175083353663495,44.1,Arbetarepartiet-Socialdemokraterna
Tjörn,0.50752688172043,0.854238541153277,0.72,358.8,0.093886328725038,44.9,Sverigedemokraterna
Tomelilla,0.503258036490009,0.796319707824133,0.71,280.4,0.132638285548798,43.0,Arbetarepartiet-Socialdemokraterna
Töreboda,0.516220335292837,0.775625,0.61,275.1,0.141193119965164,47.4,Moderaterna
Torsås,0.520874751491054,0.79038189533239,0.59,278.0,0.11672820221528,46.8,Moderaterna
Torsby,0.510297081763211,0.814406779661017,0.47,294.3,0.139251599333976,44.1,Sverigedemokraterna
Tranås,0.50489257604765,0.806316861946001,0.86,288.5,0.163369495851946,47.0,Arbetarepartiet-Socialdemokraterna
Tranemo,0.516750418760469,0.852438049560352,0.73,305.9,0.173701842546064,47.5,Arbetarepartiet-Socialdemokraterna
Trelleborg,0.501940020150486,0.807868646890552,0.85,312.2,0.183648095350383,41.9,Arbetarepartiet-Socialdemokraterna
Trollhättan,0.504302054863853,0.782953360154969,0.92,305.1,0.22655801869285,47.1,Arbetarepartiet-Socialdemokraterna
Trosa,0.501626016260163,0.841198895753911,0.89,354.2,0.148577235772358,40.4,Arbetarepartiet-Socialdemokraterna
Tyresö,0.499410736782216,0.833884178761316,1,380.1,0.179745600845288,46.2,Arbetarepartiet-Socialdemokraterna
Uddevalla,0.500663384658357,0.804494598765432,0.82,312.1,0.177437938619462,47.5,Arbetarepartiet-Socialdemokraterna
Ulricehamn,0.510395093197387,0.848468848996832,0.69,309.1,0.137047952843715,42.3,Arbetarepartiet-Socialdemokraterna
Umeå,0.500949067947215,0.801549411097814,0.9,315.8,0.131999848754112,45.9,Arbetarepartiet-Socialdemokraterna
Upplands Väsby,0.50456741504608,0.799767499207384,0.99,338.8,0.342414031099022,45.9,Arbetarepartiet-Socialdemokraterna
Upplands-Bro,0.513703575801337,0.803484090784195,0.93,331.0,0.323894138699651,45.1,Arbetarepartiet-Socialdemokraterna
Uppsala,0.49380523663996,0.772609569984298,0.89,327.4,0.230131328983233,45.2,Arbetarepartiet-Socialdemokraterna
Uppvidinge,0.521660649819495,0.803232323232323,0.74,282.4,0.229772775536207,46.4,Arbetarepartiet-Socialdemokraterna
Vadstena,0.498462772356637,0.818604651162791,0.77,309.7,0.08742146771822,45.7,Arbetarepartiet-Socialdemokraterna
Vaggeryd,0.513868318298102,0.862439146174011,0.76,311.5,0.179749562407432,47.3,Arbetarepartiet-Socialdemokraterna
Valdemarsvik,0.51651376146789,0.803799185888738,0.62,276.8,0.104718217562254,47.4,Arbetarepartiet-Socialdemokraterna
Vallentuna,0.505609595133569,0.846169613118114,0.84,385.6,0.164155978307653,48.7,Arbetarepartiet-Socialdemokraterna
Vänersborg,0.502957097032879,0.798802056312786,0.81,302.8,0.158129510825982,41.7,Sverigedemokraterna
Vännäs,0.507084681468258,0.850375626043406,0.7,304.1,0.088809550373759,45.8,Arbetarepartiet-Socialdemokraterna
Vansbro,0.510588235294118,0.839920948616601,0.71,280.4,0.099117647058824,47.6,Sverigedemokraterna
Vara,0.515189011940853,0.809131040892193,0.59,289.6,0.12058404999072,39.4,Arbetarepartiet-Socialdemokraterna
Varberg,0.502286135693215,0.857247479015267,0.81,330.8,0.116578171091445,43.4,Arbetarepartiet-Socialdemokraterna
Vårgårda,0.511493315943919,0.848406676783005,0.55,307.5,0.140039126181937,43.6,Sverigedemokraterna
Värmdö,0.50500462793551,0.843329347784163,0.92,387.0,0.141162795703554,46.2,Arbetarepartiet-Socialdemokraterna
Värnamo,0.507955724662746,0.857527449324324,0.8,322.4,0.207165917214343,48.3,Arbetarepartiet-Socialdemokraterna
Västerås,0.502013828922239,0.797770824750304,0.94,326.6,0.242743597662824,47.7,Sverigedemokraterna
Västervik,0.500245566166439,0.821898367993014,0.81,293.4,0.119427012278308,50.7,Arbetarepartiet-Socialdemokraterna
Vaxholm,0.492982603580133,0.835700451904454,0.96,436.0,0.109841163122952,47.2,Sverigedemokraterna
Växjö,0.506676137825957,0.803149606299213,0.87,312.2,0.201797461317521,51.3,Arbetarepartiet-Socialdemokraterna
Vellinge,0.493905502234208,0.848157427706441,0.93,440.2,0.094920811189551,49.1,Sverigedemokraterna
Vetlanda,0.513280092508944,0.836372494432071,0.76,298.9,0.168322914031728,45.1,Arbetarepartiet-Socialdemokraterna
Vilhelmina,0.514468950414516,0.820156910078455,0.51,272.0,0.081495385577976,45.3,Arbetarepartiet-Socialdemokraterna
Vimmerby,0.51237385099955,0.842073021318304,0.73,294.5,0.12926656810439,42.4,Moderaterna
Vindeln,0.517441860465116,0.837209302325581,0.56,284.9,0.111191860465116,44.0,Arbetarepartiet-Socialdemokraterna
Vingåker,0.517091637902238,0.782799473453269,0.71,275.3,0.140296180826189,44.7,Sverigedemokraterna
Ydre,0.511811023622047,0.836363636363636,0.44,291.1,0.103719793646484,47.4,Arbetarepartiet-Socialdemokraterna
Ystad,0.490035946269786,0.835468102221397,0.84,324.2,0.111969477202497,42.8,Arbetarepartiet-Socialdemokraterna
